Produto;Preço;Estoque;1º ANO;2º ANO;3º ANO;4º ANO;
Lápis;1,50;300;x;x;x;x;
Borracha;0,50;300;x;x;;;
Caderno pautado;4,50;129;x;x;x;x;
Tesoura;3,00;200;x;x;x;x;
Estojo;6,00;300;x;x;x;x;
Mochila;120,99;100;x;x;x;x;
Lápis HB;1,50;300;;;x;x;
Borracha branca;0,50;300;;;x;x;
Esferográfica;3,24;300;;;x;x;
Tubo de cola;1,11;120;;;x;x;
Pano de limpeza;4,15;300;x;x;x;x;
Pen drive;16,89;150;;;;x;
Toalha;12,50;250;x;x;x;x;
Chinelos de banho;31,50;30;;;;x;
Produtos de higiene;66,12;30;x;x;x;x;
